"File","OriginalBytes","WebPBytes","SavedBytes","Status"
"E:\Kiah Website Backup\kiah-website-recovered\Images\Eagle\Reunions\Committal Pics\0M7A5157.jpg","7320507","845114","6475393","Converted"
"E:\Kiah Website Backup\kiah-website-recovered\Images\Eagle\Reunions\Committal Pics\0M7A5158.jpg","7676392","541582","7134810","Converted"
"E:\Kiah Website Backup\kiah-website-recovered\Images\Eagle\Reunions\Committal Pics\0M7A5161.jpg","8094293","806008","7288285","Converted"
"E:\Kiah Website Backup\kiah-website-recovered\Images\Eagle\Reunions\Committal Pics\0M7A5162.jpg","9044315","1207540","7836775","Converted"
"E:\Kiah Website Backup\kiah-website-recovered\Images\Eagle\Reunions\Committal Pics\0M7A5164.jpg","7842372","520934","7321438","Converted"
"E:\Kiah Website Backup\kiah-website-recovered\Images\Eagle\Reunions\Committal Pics\0M7A5165.jpg","3317393","279138","3038255","Converted"
"E:\Kiah Website Backup\kiah-website-recovered\Images\Eagle\Reunions\Committal Pics\0M7A5166.jpg","5862840","376364","5486476","Converted"
"E:\Kiah Website Backup\kiah-website-recovered\Images\Eagle\Reunions\Committal Pics\0M7A5168.jpg","8755402","689640","8065762","Converted"
"E:\Kiah Website Backup\kiah-website-recovered\Images\Eagle\Reunions\Committal Pics\0M7A5170.jpg","5904813","463118","5441695","Converted"
"E:\Kiah Website Backup\kiah-website-recovered\Images\Eagle\Reunions\Committal Pics\0M7A5174.jpg","5558893","428658","5130235","Converted"
"E:\Kiah Website Backup\kiah-website-recovered\Images\Eagle\Reunions\Committal Pics\0M7A5183.jpg","7119359","574222","6545137","Converted"
"E:\Kiah Website Backup\kiah-website-recovered\Images\Eagle\Reunions\Committal Pics\0M7A5192.jpg","4733001","511800","4221201","Converted"
"E:\Kiah Website Backup\kiah-website-recovered\Images\Eagle\Reunions\Committal Pics\0M7A5193.jpg","3234781","292584","2942197","Converted"
"E:\Kiah Website Backup\kiah-website-recovered\Images\Eagle\Reunions\Committal Pics\0M7A5201.jpg","4631698","389618","4242080","Converted"
"E:\Kiah Website Backup\kiah-website-recovered\Images\Eagle\Reunions\Committal Pics\0M7A5203.jpg","4816560","273070","4543490","Converted"
"E:\Kiah Website Backup\kiah-website-recovered\Images\Eagle\Reunions\Committal Pics\0M7A5204.jpg","4377150","301524","4075626","Converted"
"E:\Kiah Website Backup\kiah-website-recovered\Images\Eagle\Reunions\Committal Pics\0M7A5205.jpg","5743209","389480","5353729","Converted"
"E:\Kiah Website Backup\kiah-website-recovered\Images\Eagle\Reunions\Committal Pics\0M7A5206.jpg","7752761","606084","7146677","Converted"
"E:\Kiah Website Backup\kiah-website-recovered\Images\Eagle\Reunions\Committal Pics\0M7A5208.jpg","6659692","514376","6145316","Converted"
"E:\Kiah Website Backup\kiah-website-recovered\Images\Eagle\Reunions\Committal Pics\0M7A5209.jpg","6856519","525070","6331449","Converted"
"E:\Kiah Website Backup\kiah-website-recovered\Images\Eagle\Reunions\Committal Pics\0M7A5210.jpg","7233500","484202","6749298","Converted"
"E:\Kiah Website Backup\kiah-website-recovered\Images\Eagle\Reunions\Committal Pics\0M7A5213.jpg","9118300","1013004","8105296","Converted"
"E:\Kiah Website Backup\kiah-website-recovered\Images\Eagle\Reunions\Committal Pics\0M7A5214.jpg","6243175","662910","5580265","Converted"
"E:\Kiah Website Backup\kiah-website-recovered\Images\Eagle\Reunions\Committal Pics\0M7A5215.jpg","6270571","517770","5752801","Converted"
"E:\Kiah Website Backup\kiah-website-recovered\Images\Eagle\Reunions\Committal Pics\0M7A5217.jpg","10881392","1452372","9429020","Converted"
"E:\Kiah Website Backup\kiah-website-recovered\Images\Eagle\Reunions\Committal Pics\0M7A5219.jpg","8823754","560542","8263212","Converted"
"E:\Kiah Website Backup\kiah-website-recovered\Images\Eagle\Reunions\Committal Pics\0M7A5222.jpg","6285975","496406","5789569","Converted"
"E:\Kiah Website Backup\kiah-website-recovered\Images\Eagle\Reunions\Committal Pics\0M7A5224.jpg","6860134","637434","6222700","Converted"
"E:\Kiah Website Backup\kiah-website-recovered\Images\Eagle\Reunions\Committal Pics\4C0A2337.jpg","18171437","3039766","15131671","Converted"
"E:\Kiah Website Backup\kiah-website-recovered\Images\Eagle\Reunions\Committal Pics\4C0A2340.jpg","19696320","3360436","16335884","Converted"
"E:\Kiah Website Backup\kiah-website-recovered\Images\Eagle\Reunions\Committal Pics\4C0A2342.jpg","17127871","2909556","14218315","Converted"
"E:\Kiah Website Backup\kiah-website-recovered\Images\Eagle\Reunions\Committal Pics\4C0A2343.jpg","6153263","860784","5292479","Converted"
"E:\Kiah Website Backup\kiah-website-recovered\Images\Eagle\Reunions\Committal Pics\4C0A2349.jpg","9202379","810388","8391991","Converted"
"E:\Kiah Website Backup\kiah-website-recovered\Images\Eagle\Reunions\Committal Pics\4C0A2357.jpg","15268930","2182916","13086014","Converted"
"E:\Kiah Website Backup\kiah-website-recovered\Images\Eagle\Reunions\Committal Pics\4C0A2362.jpg","16407278","2498684","13908594","Converted"
"E:\Kiah Website Backup\kiah-website-recovered\Images\Eagle\Reunions\Committal Pics\4C0A2366.jpg","12056082","1833652","10222430","Converted"
"E:\Kiah Website Backup\kiah-website-recovered\Images\Eagle\Reunions\Committal Pics\4C0A2368.jpg","11844920","1182160","10662760","Converted"
"E:\Kiah Website Backup\kiah-website-recovered\Images\Eagle\Reunions\Committal Pics\4C0A2369.jpg","11316213","1058866","10257347","Converted"
"E:\Kiah Website Backup\kiah-website-recovered\Images\Eagle\Reunions\Committal Pics\4C0A2370.jpg","10012282","969744","9042538","Converted"
"E:\Kiah Website Backup\kiah-website-recovered\Images\Eagle\Reunions\Committal Pics\4C0A2372.jpg","10792890","879904","9912986","Converted"
"E:\Kiah Website Backup\kiah-website-recovered\Images\Eagle\Reunions\Committal Pics\4C0A2375.jpg","11168957","806960","10361997","Converted"
"E:\Kiah Website Backup\kiah-website-recovered\Images\Eagle\Reunions\Committal Pics\4C0A2376.jpg","10333111","789438","9543673","Converted"
"E:\Kiah Website Backup\kiah-website-recovered\Images\Eagle\Reunions\Committal Pics\4C0A2379.jpg","11749917","1630420","10119497","Converted"
"E:\Kiah Website Backup\kiah-website-recovered\Images\Eagle\Reunions\Committal Pics\4C0A2381.jpg","13133345","1851626","11281719","Converted"
"E:\Kiah Website Backup\kiah-website-recovered\Images\Eagle\Reunions\Committal Pics\4C0A2384.jpg","13875217","1906068","11969149","Converted"
"E:\Kiah Website Backup\kiah-website-recovered\Images\Eagle\Reunions\Committal Pics\4C0A2385.jpg","12547763","1712060","10835703","Converted"
"E:\Kiah Website Backup\kiah-website-recovered\Images\Eagle\Reunions\Committal Pics\4C0A2388.jpg","13953727","1886844","12066883","Converted"
"E:\Kiah Website Backup\kiah-website-recovered\Images\Eagle\Reunions\Committal Pics\4C0A2391.jpg","12186955","971924","11215031","Converted"
"E:\Kiah Website Backup\kiah-website-recovered\Images\Eagle\Reunions\Committal Pics\4C0A2391-2.jpg","5639859","613452","5026407","Converted"
"E:\Kiah Website Backup\kiah-website-recovered\Images\Eagle\Reunions\Committal Pics\4C0A2392.jpg","10945591","946450","9999141","Converted"
"E:\Kiah Website Backup\kiah-website-recovered\Images\Eagle\Reunions\Committal Pics\4C0A2393.jpg","13383237","1210660","12172577","Converted"
"E:\Kiah Website Backup\kiah-website-recovered\Images\Eagle\Reunions\Committal Pics\4C0A2395.jpg","11564008","1546798","10017210","Converted"
"E:\Kiah Website Backup\kiah-website-recovered\Images\Eagle\Reunions\Committal Pics\4C0A2399.jpg","13619924","1777792","11842132","Converted"
"E:\Kiah Website Backup\kiah-website-recovered\Images\Eagle\Reunions\Committal Pics\4C0A2400.jpg","12474242","1669696","10804546","Converted"
"E:\Kiah Website Backup\kiah-website-recovered\Images\Eagle\Reunions\Committal Pics\4C0A2403.jpg","10912201","1811866","9100335","Converted"
"E:\Kiah Website Backup\kiah-website-recovered\Images\Eagle\Reunions\Committal Pics\4C0A2404.jpg","11224632","1568090","9656542","Converted"
"E:\Kiah Website Backup\kiah-website-recovered\Images\Eagle\Reunions\Committal Pics\4C0A2407.jpg","11485960","1548240","9937720","Converted"
"E:\Kiah Website Backup\kiah-website-recovered\Images\Eagle\Reunions\Committal Pics\4C0A2411.jpg","13099523","1677324","11422199","Converted"
"E:\Kiah Website Backup\kiah-website-recovered\Images\Eagle\Reunions\Committal Pics\4C0A2415.jpg","11815857","1519028","10296829","Converted"
"E:\Kiah Website Backup\kiah-website-recovered\Images\Eagle\Reunions\Committal Pics\4C0A2420.jpg","13567864","2144468","11423396","Converted"
"E:\Kiah Website Backup\kiah-website-recovered\Images\Eagle\Reunions\Committal Pics\4C0A2421.jpg","14329957","2539280","11790677","Converted"
"E:\Kiah Website Backup\kiah-website-recovered\Images\Eagle\Reunions\Committal Pics\4C0A2422.jpg","9803258","982772","8820486","Converted"
"E:\Kiah Website Backup\kiah-website-recovered\Images\Eagle\Reunions\Committal Pics\4C0A2427.jpg","15454778","2278566","13176212","Converted"
"E:\Kiah Website Backup\kiah-website-recovered\Images\Eagle\Reunions\Committal Pics\4C0A2429.jpg","15407770","2299906","13107864","Converted"
"E:\Kiah Website Backup\kiah-website-recovered\Images\Eagle\Reunions\Committal Pics\4C0A2433.jpg","17073055","2340470","14732585","Converted"
"E:\Kiah Website Backup\kiah-website-recovered\Images\Eagle\Reunions\Committal Pics\4C0A2436.jpg","13168164","1762132","11406032","Converted"
"E:\Kiah Website Backup\kiah-website-recovered\Images\Eagle\Reunions\Committal Pics\4C0A2438.jpg","16058792","2902138","13156654","Converted"
"E:\Kiah Website Backup\kiah-website-recovered\Images\Eagle\Reunions\Committal Pics\4C0A2441.jpg","11525507","1762858","9762649","Converted"
"E:\Kiah Website Backup\kiah-website-recovered\Images\Eagle\Reunions\Committal Pics\4C0A2443.jpg","14769710","2044084","12725626","Converted"
"E:\Kiah Website Backup\kiah-website-recovered\Images\Eagle\Reunions\Committal Pics\4C0A2445.jpg","13394739","1783284","11611455","Converted"
"E:\Kiah Website Backup\kiah-website-recovered\Images\Eagle\Reunions\Committal Pics\4C0A2447.jpg","12692118","1838412","10853706","Converted"
"E:\Kiah Website Backup\kiah-website-recovered\Images\Eagle\Reunions\Committal Pics\4C0A2448.jpg","16801470","2300804","14500666","Converted"
"E:\Kiah Website Backup\kiah-website-recovered\Images\Eagle\Reunions\Committal Pics\4C0A2450.jpg","9489235","1143530","8345705","Converted"
"E:\Kiah Website Backup\kiah-website-recovered\Images\Eagle\Reunions\Committal Pics\4C0A2451.jpg","13753377","1756418","11996959","Converted"
"E:\Kiah Website Backup\kiah-website-recovered\Images\Eagle\Reunions\Committal Pics\4C0A2453.jpg","15372922","1969266","13403656","Converted"
"E:\Kiah Website Backup\kiah-website-recovered\Images\Eagle\Reunions\Committal Pics\4C0A2455.jpg","12959940","1438352","11521588","Converted"
"E:\Kiah Website Backup\kiah-website-recovered\Images\Eagle\Reunions\Committal Pics\4C0A2456.jpg","13066639","1460124","11606515","Converted"
"E:\Kiah Website Backup\kiah-website-recovered\Images\Eagle\Reunions\Committal Pics\4C0A2457.jpg","14117737","1436304","12681433","Converted"
"E:\Kiah Website Backup\kiah-website-recovered\Images\Eagle\Reunions\Committal Pics\4C0A2458.jpg","12987648","1299450","11688198","Converted"
"E:\Kiah Website Backup\kiah-website-recovered\Images\Eagle\Reunions\Committal Pics\4C0A2460.jpg","11379963","1390290","9989673","Converted"
"E:\Kiah Website Backup\kiah-website-recovered\Images\Eagle\Reunions\Committal Pics\4C0A2463.jpg","14465059","2042428","12422631","Converted"
"E:\Kiah Website Backup\kiah-website-recovered\Images\Eagle\Reunions\Committal Pics\4C0A2463-2.jpg","11902411","1640502","10261909","Converted"
"E:\Kiah Website Backup\kiah-website-recovered\Images\Eagle\Reunions\Committal Pics\4C0A2465.jpg","13273379","1669920","11603459","Converted"
"E:\Kiah Website Backup\kiah-website-recovered\Images\Eagle\Reunions\Committal Pics\4C0A2467.jpg","12702933","1224634","11478299","Converted"
"E:\Kiah Website Backup\kiah-website-recovered\Images\Eagle\Reunions\Committal Pics\4C0A2469.jpg","14832322","1879948","12952374","Converted"
"E:\Kiah Website Backup\kiah-website-recovered\Images\Eagle\Reunions\Committal Pics\4C0A2470.jpg","10214425","1264228","8950197","Converted"
"E:\Kiah Website Backup\kiah-website-recovered\Images\Eagle\Reunions\Committal Pics\4C0A2474.jpg","13310778","1423648","11887130","Converted"
"E:\Kiah Website Backup\kiah-website-recovered\Images\Eagle\Reunions\Committal Pics\4C0A2476.jpg","12687932","1330234","11357698","Converted"
"E:\Kiah Website Backup\kiah-website-recovered\Images\Eagle\Reunions\Committal Pics\4C0A2477.jpg","12438953","1412954","11025999","Converted"
"E:\Kiah Website Backup\kiah-website-recovered\Images\Eagle\Reunions\Committal Pics\4C0A2479.jpg","13156958","1443274","11713684","Converted"
"E:\Kiah Website Backup\kiah-website-recovered\Images\Eagle\Reunions\Committal Pics\4C0A2480.jpg","13477624","1454978","12022646","Converted"
"E:\Kiah Website Backup\kiah-website-recovered\Images\Eagle\Reunions\Committal Pics\4C0A2484.jpg","16515526","2224658","14290868","Converted"
"E:\Kiah Website Backup\kiah-website-recovered\Images\Eagle\Reunions\Committal Pics\4C0A2489.jpg","14401134","1525998","12875136","Converted"
"E:\Kiah Website Backup\kiah-website-recovered\Images\Eagle\Reunions\Committal Pics\4C0A2499.jpg","12612837","1871534","10741303","Converted"
"E:\Kiah Website Backup\kiah-website-recovered\Images\Eagle\Reunions\Committal Pics\4C0A2502.jpg","12995440","1953148","11042292","Converted"
"E:\Kiah Website Backup\kiah-website-recovered\Images\Eagle\Reunions\Committal Pics\4C0A2509.jpg","14699574","1847720","12851854","Converted"
"E:\Kiah Website Backup\kiah-website-recovered\Images\Eagle\Reunions\Committal Pics\4C0A2513.jpg","14717071","1819736","12897335","Converted"
"E:\Kiah Website Backup\kiah-website-recovered\Images\Eagle\Reunions\Committal Pics\4C0A2517.jpg","12749979","1499368","11250611","Converted"
"E:\Kiah Website Backup\kiah-website-recovered\Images\Eagle\Reunions\Committal Pics\4C0A2518.jpg","12782231","1495022","11287209","Converted"
"E:\Kiah Website Backup\kiah-website-recovered\Images\Eagle\Reunions\Committal Pics\4C0A2518-2.jpg","12304552","1268470","11036082","Converted"
"E:\Kiah Website Backup\kiah-website-recovered\Images\Eagle\Reunions\Committal Pics\4C0A2523.jpg","16557201","2254090","14303111","Converted"
"E:\Kiah Website Backup\kiah-website-recovered\Images\Eagle\Reunions\Committal Pics\4C0A2532.jpg","15137436","1789012","13348424","Converted"
"E:\Kiah Website Backup\kiah-website-recovered\Images\Eagle\Reunions\Committal Pics\4C0A2534.jpg","12912652","1687090","11225562","Converted"
"E:\Kiah Website Backup\kiah-website-recovered\Images\Eagle\Reunions\Committal Pics\4C0A2535.jpg","12913057","1696928","11216129","Converted"
"E:\Kiah Website Backup\kiah-website-recovered\Images\Eagle\Reunions\Committal Pics\4C0A2545.jpg","14059423","1800204","12259219","Converted"
"E:\Kiah Website Backup\kiah-website-recovered\Images\Eagle\Reunions\Committal Pics\4C0A2572.jpg","14321728","2499118","11822610","Converted"
"E:\Kiah Website Backup\kiah-website-recovered\Images\Eagle\Reunions\Committal Pics\4C0A2573.jpg","15303810","2293980","13009830","Converted"
"E:\Kiah Website Backup\kiah-website-recovered\Images\Eagle\Reunions\Committal Pics\4C0A2574.jpg","13932910","2147598","11785312","Converted"
"E:\Kiah Website Backup\kiah-website-recovered\Images\Eagle\Reunions\Committal Pics\4C0A2574-2.jpg","7148980","1113042","6035938","Converted"
"E:\Kiah Website Backup\kiah-website-recovered\Images\Eagle\Reunions\Committal Pics\4C0A2575.jpg","9659938","1478770","8181168","Converted"
"E:\Kiah Website Backup\kiah-website-recovered\Images\Eagle\Reunions\Committal Pics\4C0A2579.jpg","13300064","2123782","11176282","Converted"
"E:\Kiah Website Backup\kiah-website-recovered\Images\Eagle\Reunions\Committal Pics\4C0A2582.jpg","13057049","1824186","11232863","Converted"
"E:\Kiah Website Backup\kiah-website-recovered\Images\Eagle\Reunions\Committal Pics\4C0A2584.jpg","12503797","2158050","10345747","Converted"
"E:\Kiah Website Backup\kiah-website-recovered\Images\Eagle\Reunions\Committal Pics\4C0A2588.jpg","13330031","1363042","11966989","Converted"
"E:\Kiah Website Backup\kiah-website-recovered\Images\Eagle\Reunions\Committal Pics\4C0A2589.jpg","12849015","1245824","11603191","Converted"
"E:\Kiah Website Backup\kiah-website-recovered\Images\Eagle\Reunions\Committal Pics\4C0A2591.jpg","11783744","1187922","10595822","Converted"
"E:\Kiah Website Backup\kiah-website-recovered\Images\Eagle\Reunions\Committal Pics\4C0A2593.jpg","12205905","1142872","11063033","Converted"
"E:\Kiah Website Backup\kiah-website-recovered\Images\Eagle\Reunions\Committal Pics\4C0A2597.jpg","11418239","1143588","10274651","Converted"
"E:\Kiah Website Backup\kiah-website-recovered\Images\Eagle\Reunions\Committal Pics\4C0A2604.jpg","11374205","840402","10533803","Converted"
"E:\Kiah Website Backup\kiah-website-recovered\Images\Eagle\Reunions\Committal Pics\4C0A2607.jpg","10544438","796288","9748150","Converted"
"E:\Kiah Website Backup\kiah-website-recovered\Images\Eagle\Reunions\Committal Pics\4C0A2610.jpg","10889153","812468","10076685","Converted"
"E:\Kiah Website Backup\kiah-website-recovered\Images\Eagle\Reunions\Committal Pics\4C0A2611.jpg","9968619","774308","9194311","Converted"
"E:\Kiah Website Backup\kiah-website-recovered\Images\Eagle\Reunions\Committal Pics\4C0A2616.jpg","4544293","361624","4182669","Converted"
"E:\Kiah Website Backup\kiah-website-recovered\Images\Eagle\Reunions\Committal Pics\4C0A2617.jpg","10817221","796016","10021205","Converted"
"E:\Kiah Website Backup\kiah-website-recovered\Images\Eagle\Reunions\Committal Pics\4C0A2621.jpg","9575271","717036","8858235","Converted"
"E:\Kiah Website Backup\kiah-website-recovered\Images\Eagle\Reunions\Committal Pics\4C0A2626.jpg","12417660","1213394","11204266","Converted"
"E:\Kiah Website Backup\kiah-website-recovered\Images\Eagle\Reunions\Committal Pics\4C0A2637.jpg","11267191","1206046","10061145","Converted"
"E:\Kiah Website Backup\kiah-website-recovered\Images\Eagle\Reunions\Committal Pics\4C0A2640.jpg","11568079","1284784","10283295","Converted"
"E:\Kiah Website Backup\kiah-website-recovered\Images\Eagle\Reunions\Committal Pics\4C0A2645.jpg","12649143","1584602","11064541","Converted"
"E:\Kiah Website Backup\kiah-website-recovered\Images\Eagle\Reunions\Committal Pics\4C0A2648.jpg","12709005","1203652","11505353","Converted"
"E:\Kiah Website Backup\kiah-website-recovered\Images\Eagle\Reunions\Committal Pics\4C0A2652.jpg","11911087","1316908","10594179","Converted"
"E:\Kiah Website Backup\kiah-website-recovered\Images\Eagle\Reunions\Committal Pics\4C0A2655.jpg","12680189","1194512","11485677","Converted"
"E:\Kiah Website Backup\kiah-website-recovered\Images\Eagle\Reunions\Committal Pics\4C0A2669.jpg","10677249","1016444","9660805","Converted"
"E:\Kiah Website Backup\kiah-website-recovered\Images\Eagle\Reunions\Committal Pics\4C0A2670.jpg","11755384","1055944","10699440","Converted"
"E:\Kiah Website Backup\kiah-website-recovered\Images\Eagle\Reunions\Committal Pics\4C0A2680.jpg","7861024","760268","7100756","Converted"
"E:\Kiah Website Backup\kiah-website-recovered\Images\Eagle\Reunions\Committal Pics\4C0A2680-2.jpg","2271610","167136","2104474","Converted"
"E:\Kiah Website Backup\kiah-website-recovered\Images\Eagle\Reunions\Committal Pics\4C0A2684.jpg","11648161","936432","10711729","Converted"
"E:\Kiah Website Backup\kiah-website-recovered\Images\Eagle\Reunions\Committal Pics\4C0A2691.jpg","13747572","1441134","12306438","Converted"
"E:\Kiah Website Backup\kiah-website-recovered\Images\Eagle\Reunions\Committal Pics\4C0A2696.jpg","13508290","1339278","12169012","Converted"
"E:\Kiah Website Backup\kiah-website-recovered\Images\Eagle\Reunions\Committal Pics\4C0A2699.jpg","13588703","1261412","12327291","Converted"
"E:\Kiah Website Backup\kiah-website-recovered\Images\Eagle\Reunions\Committal Pics\4C0A2707.jpg","9475466","537770","8937696","Converted"
"E:\Kiah Website Backup\kiah-website-recovered\Images\Eagle\Reunions\Committal Pics\4C0A2709.jpg","10931428","1272588","9658840","Converted"
"E:\Kiah Website Backup\kiah-website-recovered\Images\Eagle\Reunions\Committal Pics\4C0A2712.jpg","5883872","791296","5092576","Converted"
"E:\Kiah Website Backup\kiah-website-recovered\Images\Eagle\Reunions\Committal Pics\4C0A2712-2.jpg","4155910","617478","3538432","Converted"
"E:\Kiah Website Backup\kiah-website-recovered\Images\Eagle\Reunions\Committal Pics\4C0A2719.jpg","12026102","1445626","10580476","Converted"
"E:\Kiah Website Backup\kiah-website-recovered\Images\Eagle\Reunions\Committal Pics\4C0A2722.jpg","13595761","1520160","12075601","Converted"
"E:\Kiah Website Backup\kiah-website-recovered\Images\Eagle\Reunions\Committal Pics\4C0A2728.jpg","11076363","1187796","9888567","Converted"
"E:\Kiah Website Backup\kiah-website-recovered\Images\Eagle\Reunions\Committal Pics\4C0A2730.jpg","11462706","1271826","10190880","Converted"
